Row Labels,Average of Gross
Standard,0.313441748
Premium,0.285377307
All-weather,0.284176094
Activewear,0.265599782
Performance,0.263649621
Balanced,0.258037634
Trendy,0.240758192
Everyday,0.236342668
(blank),
Grand Total,0.265872669
